bundle,export_dir
download/artsources/uispriteres/uibutton.assetbundle,extracted/unity/bundles/b_db2d3e832d286f31
download/artsources/uispriteres/uicommonother.assetbundle,extracted/unity/bundles/b_e9b9d84959e15638
download/artsources/uispriteres/uimaininterface.assetbundle,extracted/unity/bundles/b_3c369578efb6ef62
download/artsources/uispriteres/uimaininterface2.assetbundle,extracted/unity/bundles/b_3d571cf9b531ccfb
download/ui/uiprefabandres/common.assetbundle,extracted/unity/bundles/b_80de4c56e8b2c389
download/ui/uiprefabandres/common_2.assetbundle,extracted/unity/bundles/b_143f5157561be0a5
download/ui/uiprefabandres/common_3.assetbundle,extracted/unity/bundles/b_e65bcd00a90dbbfd
download/ui/uiprefabandres/maininterface.assetbundle,extracted/unity/bundles/b_c3b1e8926fc41b4c
download/ui/uiprefabandres/maininterface_ext_1.assetbundle,extracted/unity/bundles/b_629f86ef6a4def50
download/ui/uiprefabandres/maininterface_ext_10.assetbundle,extracted/unity/bundles/b_12d4a0dd4d9c922f
download/ui/uiprefabandres/maininterface_ext_11.assetbundle,extracted/unity/bundles/b_3c21d29ce71e8a94
download/ui/uiprefabandres/maininterface_ext_12.assetbundle,extracted/unity/bundles/b_0a3331301595641b
download/ui/uiprefabandres/maininterface_ext_13.assetbundle,extracted/unity/bundles/b_9bab86e060d3c098
download/ui/uiprefabandres/maininterface_ext_14.assetbundle,extracted/unity/bundles/b_ca9f082cb9d5c605
download/ui/uiprefabandres/maininterface_ext_2.assetbundle,extracted/unity/bundles/b_5d5bd52e70beb262
download/ui/uiprefabandres/maininterface_ext_3.assetbundle,extracted/unity/bundles/b_dac7dd61cbce3cb0
download/ui/uiprefabandres/maininterface_ext_4.assetbundle,extracted/unity/bundles/b_03633f612af22284
download/ui/uiprefabandres/maininterface_ext_6.assetbundle,extracted/unity/bundles/b_974c098c43b365b0
download/ui/uiprefabandres/maininterface_ext_7.assetbundle,extracted/unity/bundles/b_e8ddb72ed56c267f
download/ui/uiprefabandres/maininterface_ext_8.assetbundle,extracted/unity/bundles/b_35f69f1e4224c83e
download/ui/uiprefabandres/maininterface_ext_9.assetbundle,extracted/unity/bundles/b_625e57d734586283
download/ui/uiprefabandres/maininterface_ext_act_10_3.assetbundle,extracted/unity/bundles/b_437cc69fb2dc281c
download/ui/uiprefabandres/maininterface_ext_act_10_3_long.assetbundle,extracted/unity/bundles/b_d9492605f03ac2b1
download/ui/uiprefabandres/maininterface_ext_act_180_10_1.assetbundle,extracted/unity/bundles/b_0d7198dcd426e784
download/ui/uiprefabandres/maininterface_ext_act_180_10_1_long.assetbundle,extracted/unity/bundles/b_34ea011a9429af13
download/ui/uiprefabandres/maininterface_ext_act_180_10_2.assetbundle,extracted/unity/bundles/b_6013ec03c80246da
download/ui/uiprefabandres/maininterface_ext_act_180_10_2_long.assetbundle,extracted/unity/bundles/b_d340662bc28d6e5e
download/ui/uiprefabandres/maininterface_ext_act_180_10_3.assetbundle,extracted/unity/bundles/b_604084b1c98227be
download/ui/uiprefabandres/maininterface_ext_act_180_10_3_long.assetbundle,extracted/unity/bundles/b_32173e104e4fb733
download/ui/uiprefabandres/maininterface_ext_act_180_10_4.assetbundle,extracted/unity/bundles/b_c38217f0c5511537
download/ui/uiprefabandres/maininterface_ext_act_180_10_4_long.assetbundle,extracted/unity/bundles/b_2363f296365eb0e0
download/ui/uiprefabandres/maininterface_ext_act_180_210_4.assetbundle,extracted/unity/bundles/b_fc49a51130b17d3f
download/ui/uiprefabandres/maininterface_ext_act_180_210_4_long.assetbundle,extracted/unity/bundles/b_2cf72504f0875e20
download/ui/uiprefabandres/maininterface_ext_act_180_210_5.assetbundle,extracted/unity/bundles/b_075cf2d13b9b6969
download/ui/uiprefabandres/maininterface_ext_act_180_210_5_long.assetbundle,extracted/unity/bundles/b_277a4250f53f549d
download/ui/uiprefabandres/maininterface_ext_act_180_211_1.assetbundle,extracted/unity/bundles/b_a2ddf4562424b165
download/ui/uiprefabandres/maininterface_ext_act_180_211_1_long.assetbundle,extracted/unity/bundles/b_c17fb27c31c5bef6
download/ui/uiprefabandres/maininterface_ext_act_180_311_1.assetbundle,extracted/unity/bundles/b_71975282c7a57cc8
download/ui/uiprefabandres/maininterface_ext_act_180_311_1_long.assetbundle,extracted/unity/bundles/b_c85ac919ed5f1e15
download/ui/uiprefabandres/maininterface_ext_act_421_10_2.assetbundle,extracted/unity/bundles/b_4d94264c2129df78
download/ui/uiprefabandres/maininterface_ext_act_421_10_2_long.assetbundle,extracted/unity/bundles/b_53eaa285588c2bc9
download/ui/uiprefabandres/maininterface_ext_act_421_10_3.assetbundle,extracted/unity/bundles/b_e82574ae23e85ccf
download/ui/uiprefabandres/maininterface_ext_act_421_10_3_long.assetbundle,extracted/unity/bundles/b_d47a74f7d447472c
download/ui/uiprefabandres/maininterface_ext_act_511_10_0_long.assetbundle,extracted/unity/bundles/b_520b2945c9c59b7c
download/ui/uiprefabandres/maininterface_ext_act_511_10_1.assetbundle,extracted/unity/bundles/b_ce2e800393ab6de2
download/ui/uiprefabandres/maininterface_ext_act_511_10_1_long.assetbundle,extracted/unity/bundles/b_9a420e7a691f7274
download/ui/uiprefabandres/maininterface_ext_act_511_10_2.assetbundle,extracted/unity/bundles/b_95690866d30bb99c
download/ui/uiprefabandres/maininterface_ext_act_511_10_2_long.assetbundle,extracted/unity/bundles/b_4c576225d5394d4a
download/ui/uiprefabandres/maininterface_ext_act_511_10_3.assetbundle,extracted/unity/bundles/b_5aeee6b6345eed16
download/ui/uiprefabandres/maininterface_ext_act_511_10_3_long.assetbundle,extracted/unity/bundles/b_eb96d16d2761d27e
download/ui/uiprefabandres/maininterface_ext_act_511_10_4.assetbundle,extracted/unity/bundles/b_a3f25f1aca674707
download/ui/uiprefabandres/maininterface_ext_act_511_10_4_long.assetbundle,extracted/unity/bundles/b_6bff14c7add5441d
download/ui/uiprefabandres/maininterface_ext_act_511_210_3.assetbundle,extracted/unity/bundles/b_a1c134fdb8a51f91
download/ui/uiprefabandres/maininterface_ext_act_511_210_3_long.assetbundle,extracted/unity/bundles/b_5efa98bebaeb9970
download/ui/uiprefabandres/maininterface_ext_act_511_210_4.assetbundle,extracted/unity/bundles/b_288a6b1a5761732e
download/ui/uiprefabandres/maininterface_ext_act_511_210_4_long.assetbundle,extracted/unity/bundles/b_237e115fe4170709
download/ui/uiprefabandres/maininterface_ext_act_511_210_5.assetbundle,extracted/unity/bundles/b_c41f01a7c8f9d8a4
download/ui/uiprefabandres/maininterface_ext_act_511_210_5_long.assetbundle,extracted/unity/bundles/b_3ba3fa70340ecd20
download/ui/uiprefabandres/maininterface_ext_act_511_310_4.assetbundle,extracted/unity/bundles/b_135bd62f81f190e4
download/ui/uiprefabandres/maininterface_ext_act_511_310_4_long.assetbundle,extracted/unity/bundles/b_07abf54f52b815f1
download/ui/uiprefabandres/maininterface_ext_act_other_10_1.assetbundle,extracted/unity/bundles/b_c7b447e09a2d0b82
download/ui/uiprefabandres/maininterface_ext_act_other_10_1_long.assetbundle,extracted/unity/bundles/b_c364bdb28527b24a
download/ui/uiprefabandres/maininterface_ext_act_other_10_2.assetbundle,extracted/unity/bundles/b_cbe7b7bb78d11f17
download/ui/uiprefabandres/maininterface_ext_act_other_10_2_long.assetbundle,extracted/unity/bundles/b_97940aba123719b2
download/ui/uiprefabandres/maininterface_ext_act_other_10_4.assetbundle,extracted/unity/bundles/b_c82133a809bb19bc
download/ui/uiprefabandres/maininterface_ext_act_other_10_4_long.assetbundle,extracted/unity/bundles/b_4dd1aabc1756919a
download/ui/uiprefabandres/maininterface_ext_act_other_1_1.assetbundle,extracted/unity/bundles/b_52d64616bf373779
download/ui/uiprefabandres/maininterface_ext_act_other_1_1_long.assetbundle,extracted/unity/bundles/b_5ee813a900b8d02e
download/ui/uiprefabandres/maininterface_ext_act_other_1_2.assetbundle,extracted/unity/bundles/b_c1265f6ddedfd209
download/ui/uiprefabandres/maininterface_ext_act_other_1_2_long.assetbundle,extracted/unity/bundles/b_726396424359c172
download/ui/uiprefabandres/maininterface_ext_act_other_1_3.assetbundle,extracted/unity/bundles/b_eaa358f2e6df15a9
download/ui/uiprefabandres/maininterface_ext_act_other_1_3_long.assetbundle,extracted/unity/bundles/b_a1318b4fedd8547c
download/ui/uiprefabandres/maininterface_ext_act_other_2_1.assetbundle,extracted/unity/bundles/b_77d79c3037d146f4
download/ui/uiprefabandres/maininterface_ext_act_other_2_1_long.assetbundle,extracted/unity/bundles/b_119e46d2fa50423a
download/ui/uiprefabandres/maininterface_ext_act_other_2_2.assetbundle,extracted/unity/bundles/b_17e23bc6ea731e09
download/ui/uiprefabandres/maininterface_ext_act_other_2_2_long.assetbundle,extracted/unity/bundles/b_9e7b388e8a1a0e0a
download/ui/uiprefabandres/maininterface_ext_act_other_2_4.assetbundle,extracted/unity/bundles/b_4593ca4cdb163f8c
download/ui/uiprefabandres/maininterface_ext_act_other_2_4_long.assetbundle,extracted/unity/bundles/b_13479a5e3e8c0e66
download/ui/uiprefabandres/maininterface_ext_act_other_3_2.assetbundle,extracted/unity/bundles/b_83c94b47b8041983
download/ui/uiprefabandres/maininterface_ext_act_other_3_2_long.assetbundle,extracted/unity/bundles/b_ca5b176c3cb20329
download/ui/uiprefabandres/maininterface_ext_act_other_3_3.assetbundle,extracted/unity/bundles/b_d6379c5b6973f5e2
download/ui/uiprefabandres/maininterface_ext_act_other_3_3_long.assetbundle,extracted/unity/bundles/b_a49393dbca7c477f
download/ui/uiprefabandres/maininterface_ext_act_other_3_4.assetbundle,extracted/unity/bundles/b_d750aaa5829a0f9a
download/ui/uiprefabandres/maininterface_ext_act_other_3_4_long.assetbundle,extracted/unity/bundles/b_91ef0944f91203b8
download/ui/uiprefabandres/maininterface_ext_act_other_4_1.assetbundle,extracted/unity/bundles/b_b6ad03a34a37606e
download/ui/uiprefabandres/maininterface_ext_act_other_4_1_long.assetbundle,extracted/unity/bundles/b_4e6f74a98c714955
download/ui/uiprefabandres/maininterface_ext_act_other_6_1.assetbundle,extracted/unity/bundles/b_c0f245b6ead199c1
download/ui/uiprefabandres/maininterface_ext_act_other_6_1_long.assetbundle,extracted/unity/bundles/b_b69aba99f5c6a953
download/ui/uiprefabandres/maininterface_ext_act_other_6_2.assetbundle,extracted/unity/bundles/b_769c01e350c558b0
download/ui/uiprefabandres/maininterface_ext_act_other_6_2_long.assetbundle,extracted/unity/bundles/b_d3eefc510d4d1f70
download/ui/uiprefabandres/maininterface_ext_act_other_6_3.assetbundle,extracted/unity/bundles/b_d619f865aa4e92d7
download/ui/uiprefabandres/maininterface_ext_act_other_6_3_long.assetbundle,extracted/unity/bundles/b_2d6f4a0f30973373
download/ui/uiprefabandres/maininterface_ext_act_other_7_1.assetbundle,extracted/unity/bundles/b_23047dcfb6104110
download/ui/uiprefabandres/maininterface_ext_act_other_7_1_long.assetbundle,extracted/unity/bundles/b_30b72ca08db89f95
download/ui/uiprefabandres/maininterface_ext_act_other_7_2.assetbundle,extracted/unity/bundles/b_f1a2260e583a6381
download/ui/uiprefabandres/maininterface_ext_act_other_7_2_long.assetbundle,extracted/unity/bundles/b_1c48478a7f3562a0
download/ui/uiprefabandres/maininterface_ext_act_other_8_1.assetbundle,extracted/unity/bundles/b_23d80aabcba7d0d8
download/ui/uiprefabandres/maininterface_ext_act_other_8_1_long.assetbundle,extracted/unity/bundles/b_a26945577cb812ff
download/ui/uiprefabandres/maininterface_ext_act_other_8_2.assetbundle,extracted/unity/bundles/b_ca31cbae45efc32c
download/ui/uiprefabandres/maininterface_ext_act_other_8_2_long.assetbundle,extracted/unity/bundles/b_8649aed07c9add86
download/ui/uiprefabandres/maininterface_ext_act_other_8_3.assetbundle,extracted/unity/bundles/b_39af8ad793bda82a
download/ui/uiprefabandres/maininterface_ext_act_other_8_3_long.assetbundle,extracted/unity/bundles/b_79b9837c471e5f73
download/ui/uiprefabandres/maininterface_ext_act_other_8_4.assetbundle,extracted/unity/bundles/b_39f43253b25335be
download/ui/uiprefabandres/maininterface_ext_act_other_8_4_long.assetbundle,extracted/unity/bundles/b_bdfa8c5434246f76
download/ui/uiprefabandres/maininterface_ext_act_other_9_1.assetbundle,extracted/unity/bundles/b_fde67560a17bb462
download/ui/uiprefabandres/maininterface_ext_act_other_9_1_long.assetbundle,extracted/unity/bundles/b_758bec0597deb416
download/ui/uiprefabandres/maininterface_ext_act_other_9_2.assetbundle,extracted/unity/bundles/b_dba0a5a4b5bdfc1e
download/ui/uiprefabandres/maininterface_ext_act_other_9_2_long.assetbundle,extracted/unity/bundles/b_6d14d31877eb639d
download/ui/uiprefabandres/maininterface_ext_act_other_9_3.assetbundle,extracted/unity/bundles/b_e996e348979cdd1f
download/ui/uiprefabandres/maininterface_ext_act_other_9_3_long.assetbundle,extracted/unity/bundles/b_1114e9c391a6c70e
download/ui/uiprefabandres/maininterface_ext_act_other_9_4.assetbundle,extracted/unity/bundles/b_65bf0cd759ef8255
download/ui/uiprefabandres/maininterface_ext_act_other_9_4_long.assetbundle,extracted/unity/bundles/b_5ea93ce3dd19886f
download/ui/uiprefabandres/maininterface_ext_actlr_310_1.assetbundle,extracted/unity/bundles/b_97788c1db9e76705
download/ui/uiprefabandres/maininterface_ext_actlr_310_1_long.assetbundle,extracted/unity/bundles/b_33d4426f13a6bd68
download/ui/uiprefabandres/maininterface_ext_actlr_310_2.assetbundle,extracted/unity/bundles/b_bef6fde8b6307274
download/ui/uiprefabandres/maininterface_ext_actlr_310_2_long.assetbundle,extracted/unity/bundles/b_027033febaf10eff
download/ui/uiprefabandres/maininterface_ext_actlr_310_3.assetbundle,extracted/unity/bundles/b_b7b108ae9e104fb0
download/ui/uiprefabandres/maininterface_ext_actlr_310_3_long.assetbundle,extracted/unity/bundles/b_a223f351bdc005f4
download/ui/uiprefabandres/maininterface_ext_actlr_310_4.assetbundle,extracted/unity/bundles/b_3f9463427ca5bb81
download/ui/uiprefabandres/maininterface_ext_actlr_310_4_long.assetbundle,extracted/unity/bundles/b_09cab468da9c8ace
download/ui/uiprefabandres/maininterface_ext_actlr_311_1.assetbundle,extracted/unity/bundles/b_e9343eee0cfce2d9
download/ui/uiprefabandres/maininterface_ext_actlr_311_1_long.assetbundle,extracted/unity/bundles/b_0c4ccb7beb251670
download/ui/uiprefabandres/maininterface_ext_actlr_311_2.assetbundle,extracted/unity/bundles/b_dd8524cd7a06e2dd
download/ui/uiprefabandres/maininterface_ext_actlr_311_2_long.assetbundle,extracted/unity/bundles/b_10a186c4fd605593
download/ui/uiprefabandres/maininterface_ext_actur_210_1.assetbundle,extracted/unity/bundles/b_477d2125ef3c7a43
download/ui/uiprefabandres/maininterface_ext_actur_210_1_long.assetbundle,extracted/unity/bundles/b_5a8f1842df678920
download/ui/uiprefabandres/maininterface_ext_actur_210_2.assetbundle,extracted/unity/bundles/b_35f3522739dd98b8
download/ui/uiprefabandres/maininterface_ext_actur_210_2_long.assetbundle,extracted/unity/bundles/b_2716e65d346f981d
download/ui/uiprefabandres/maininterface_ext_actur_210_3.assetbundle,extracted/unity/bundles/b_59da81c78ccf8282
download/ui/uiprefabandres/maininterface_ext_actur_210_3_long.assetbundle,extracted/unity/bundles/b_e8903d6e92b929c7
download/ui/uiprefabandres/maininterface_ext_actur_210_4.assetbundle,extracted/unity/bundles/b_220d2099d1a8c1f8
download/ui/uiprefabandres/maininterface_ext_actur_210_4_long.assetbundle,extracted/unity/bundles/b_825d78c26f47a01e
download/ui/uiprefabandres/maininterface_ext_actur_210_5.assetbundle,extracted/unity/bundles/b_acc474b9e49669dd
download/ui/uiprefabandres/maininterface_ext_actur_210_5_long.assetbundle,extracted/unity/bundles/b_ff77211763f6a615
download/ui/uiprefabandres/maininterface_ext_actur_211_1.assetbundle,extracted/unity/bundles/b_585b5a1427cf8a6f
download/ui/uiprefabandres/maininterface_ext_actur_211_1_long.assetbundle,extracted/unity/bundles/b_4eb7c6d5682b1efd
download/ui/uiprefabandres/maininterface_ext_actur_back_210_1.assetbundle,extracted/unity/bundles/b_f402c6c9fe5a207d
download/ui/uiprefabandres/maininterface_ext_actur_back_210_1_long.assetbundle,extracted/unity/bundles/b_5ef3afd3498d04ae
download/ui/uiprefabandres/maininterface_ext_actur_back_210_2.assetbundle,extracted/unity/bundles/b_92527c517750ac3c
download/ui/uiprefabandres/maininterface_ext_actur_back_210_2_long.assetbundle,extracted/unity/bundles/b_9a9048e817bfc4f2
download/ui/uiprefabandres/maininterface_ext_actur_back_210_3.assetbundle,extracted/unity/bundles/b_29c9db35a431cb11
download/ui/uiprefabandres/maininterface_ext_actur_back_210_3_long.assetbundle,extracted/unity/bundles/b_dd95e30cc9914c93
download/ui/uiprefabandres/maininterface_ext_actur_back_210_4.assetbundle,extracted/unity/bundles/b_4eee5679b31425cf
download/ui/uiprefabandres/maininterface_ext_actur_back_210_4_long.assetbundle,extracted/unity/bundles/b_5f4d3f5e4d1ba0a9
download/ui/uiprefabandres/maininterface_ext_actur_back_210_5.assetbundle,extracted/unity/bundles/b_5f838218e18815ab
download/ui/uiprefabandres/maininterface_ext_actur_back_210_5_long.assetbundle,extracted/unity/bundles/b_01635651d66bffbf
download/ui/uiprefabandres/maininterface_ext_actur_back_211_1.assetbundle,extracted/unity/bundles/b_233ed226da8a1107
download/ui/uiprefabandres/maininterface_ext_actur_back_211_1_long.assetbundle,extracted/unity/bundles/b_caeab360d1d54b09
download/ui/uiprefabandres/maininterface_ext_actur_back_310_1.assetbundle,extracted/unity/bundles/b_d7aa0918cd036663
download/ui/uiprefabandres/maininterface_ext_actur_back_310_1_long.assetbundle,extracted/unity/bundles/b_19ae9c85f2809cc6
download/ui/uiprefabandres/maininterface_ext_actur_back_310_2.assetbundle,extracted/unity/bundles/b_e946edfefc81c33d
download/ui/uiprefabandres/maininterface_ext_actur_back_310_2_long.assetbundle,extracted/unity/bundles/b_ca6d243ccafcb9a6
download/ui/uiprefabandres/maininterface_ext_actur_back_310_3.assetbundle,extracted/unity/bundles/b_98b3a3d7a505b5a9
download/ui/uiprefabandres/maininterface_ext_actur_back_310_3_long.assetbundle,extracted/unity/bundles/b_247ce7ab179999d9
download/ui/uiprefabandres/maininterface_ext_actur_back_310_4.assetbundle,extracted/unity/bundles/b_0492cfd07670f31c
download/ui/uiprefabandres/maininterface_ext_actur_back_310_4_long.assetbundle,extracted/unity/bundles/b_d91a61483a0a112d
download/ui/uiprefabandres/maininterface_ext_actur_back_311_0.assetbundle,extracted/unity/bundles/b_67d0de30ec205f03
download/ui/uiprefabandres/maininterface_ext_actur_back_311_0_long.assetbundle,extracted/unity/bundles/b_078882977ebe1a70
download/ui/uiprefabandres/maininterface_ext_actur_back_311_1.assetbundle,extracted/unity/bundles/b_50f726346011442d
download/ui/uiprefabandres/maininterface_ext_actur_back_311_1_long.assetbundle,extracted/unity/bundles/b_744981e3b78e1b65
download/ui/uiprefabandres/maininterface_ext_xmas.assetbundle,extracted/unity/bundles/b_fc684c6aa17d03ad
download/xlualogic/modules/common.assetbundle,extracted/unity/bundles/b_7534b4f13d4ff9fb
download/xlualogic/modules/maininterface.assetbundle,extracted/unity/bundles/b_d42e8b7494fbffa1
